{
    "logs": [
        {
            "error": [
                6.315949046678678,
                21.980557109226517
            ],
            "pcws_after": [
                [
                    -5.801752913154629,
                    4.528030522687764,
                    -5.347592294763301,
                    -4.948952233695152,
                    -4.149975600523815,
                    -3.2906692989910455,
                    -4.888724992773282,
                    -5.234165976935234,
                    -4.991817723081068,
                    -4.770462499789938
                ],
                [
                    -5.812010290624097,
                    4.6289236801763245,
                    -5.377497816315106,
                    -4.915537041252166,
                    -4.137754284575852,
                    -3.2848164510199966,
                    -4.898908432738346,
                    -5.243668393316364,
                    -4.988229342675179,
                    -4.758456060559233
                ],
                [
                    -5.819043494584598,
                    4.718950666883261,
                    -5.409895542700139,
                    -4.888090162434549,
                    -4.104534176688604,
                    -3.2689628045083614,
                    -4.900043065425677,
                    -5.264798847481258,
                    -4.981421090304834,
                    -4.746581026473377
                ],
                [
                    -5.831407758695778,
                    4.841246773867626,
                    -5.444321264005767,
                    -4.861159681604706,
                    -4.072848222722985,
                    -3.256947587026076,
                    -4.904101358852907,
                    -5.2809990441924715,
                    -4.967162603237804,
                    -4.721767615531892
                ],
                [
                    -5.834431546392485,
                    4.8900379273643715,
                    -5.467847729706804,
                    -4.844849249216447,
                    -4.040538109871354,
                    -3.252496530879955,
                    -4.90435698375906,
                    -5.306109970065646,
                    -4.974725262906165,
                    -4.7237509095948695
                ],
                [
                    -5.840120385159981,
                    4.975414621508913,
                    -5.499176341280861,
                    -4.80110428960868,
                    -4.008691362775404,
                    -3.2264660379346353,
                    -4.908041269072811,
                    -5.319898706955663,
                    -4.9670843159919595,
                    -4.709060533720846
                ],
                [
                    -5.846138811328327,
                    5.058289893042318,
                    -5.524331264817085,
                    -4.789581320741945,
                    -3.959526404468133,
                    -3.195401872522776,
                    -4.906512950532033,
                    -5.345123891875861,
                    -4.9612753349266345,
                    -4.697300625600803
                ],
                [
                    -5.846802021481945,
                    5.0764836949088235,
                    -5.545089494084591,
                    -4.774613834773314,
                    -3.915597333918104,
                    -3.1598928433536226,
                    -4.904828872404318,
                    -5.367058066751975,
                    -4.958329012242885,
                    -4.696819878898353
                ],
                [
                    0.0,
                    0.0,
                    0.0,
                    0.0,
                    0.0,
                    0.0,
                    0.0,
                    0.0,
                    0.0,
                    0.0
                ]
            ],
            "pcws_before": [
                [
                    2.687198933616929,
                    13.016982369459322,
                    3.1413595520082573,
                    3.539999613076406,
                    4.338976246247743,
                    5.198282547780512,
                    3.6002268539982754,
                    3.2547858698363243,
                    3.49713412369049,
                    3.7184893469816207
                ],
                [
                    2.6769415561474608,
                    13.117875526947882,
                    3.1114540304564517,
                    3.573414805519392,
                    4.351197562195706,
                    5.204135395751561,
                    3.590043414033212,
                    3.2452834534551944,
                    3.500722504096378,
                    3.7304957862123254
                ],
                [
                    2.6699083521869595,
                    13.207902513654819,
                    3.079056304071419,
                    3.600861684337008,
                    4.384417670082954,
                    5.2199890422631965,
                    3.5889087813458813,
                    3.2241529992902995,
                    3.507530756466724,
                    3.7423708202981802
                ],
                [
                    2.65754408807578,
                    13.330198620639184,
                    3.044630582765791,
                    3.6277921651668517,
                    4.4161036240485725,
                    5.232004259745482,
                    3.5848504879186502,
                    3.207952802579087,
                    3.521789243533754,
                    3.7671842312396664
                ],
                [
                    2.6545203003790725,
                    13.37898977413593,
                    3.0211041170647532,
                    3.6441025975551105,
                    4.4484137369002035,
                    5.236455315891603,
                    3.5845948630124975,
                    3.182841876705912,
                    3.514226583865393,
                    3.765200937176689
                ],
                [
                    2.6488314616115773,
                    13.46436646828047,
                    2.989775505490697,
                    3.687847557162878,
                    4.480260483996154,
                    5.262485808836923,
                    3.5809105776987464,
                    3.1690531398158948,
                    3.5218675307795984,
                    3.7798913130507117
                ],
                [
                    2.642813035443231,
                    13.547241739813876,
                    2.964620581954473,
                    3.6993705260296124,
                    4.529425442303425,
                    5.293549974248782,
                    3.582438896239525,
                    3.143827954895697,
                    3.527676511844924,
                    3.791651221170754
                ],
                [
                    2.6421498252896125,
                    13.565435541680381,
                    2.9438623526869665,
                    3.7143380119982434,
                    4.573354512853454,
                    5.329059003417935,
                    3.5841229743672405,
                    3.121893780019583,
                    3.5306228345286734,
                    3.7921319678732046
                ],
                [
                    0.0,
                    0.0,
                    0.0,
                    0.0,
                    0.0,
                    0.0,
                    0.0,
                    0.0,
                    0.0,
                    0.0
                ]
            ],
            "prcv_loc": [
                0.0,
                0.0
            ],
            "src_loc": [
                63.15949046678678,
                219.80557109226518
            ],
            "timestamp": "10-37-08",