{
    "logs": [
        {
            "error": null,
            "pcs": [],
            "pcws": [],
            "prcv_loc": [
                45.0,
                33.274887984834926
            ],
            "src_loc": [
                33.690067525979785,
                95.1944289077348
            ],
            "timestamp": "21-45-44",
            "updates": {}
        }
    ]
}