{
    "logs": [
        {
            "error": [
                29.190067525979785,
                91.86694010925132
            ],
            "pcws_after": [
                [
                    -0.9580333208998921,
                    9.371750114942717,
                    -0.5038727025085006,
                    -0.1052326414404828,
                    0.6937439917313917,
                    1.5530502932618315,
                    -0.04500540051951243,
                    -0.3904463846902737,
                    -0.14809813246516765,
                    0.07325839819113317
                ],
                [
                    -0.9682906983693618,
                    9.472643272431318,
                    -0.5337782240603006,
                    -0.0718174489974693,
                    0.7059653076794004,
                    1.5589031412329457,
                    -0.05518884048450445,
                    -0.39994880107104736,
                    -0.14450975205315378,
                    0.08526482229668843
                ],
                [
                    -0.9753239023298635,
                    9.562670259138333,
                    -0.5661759504453371,
                    -0.04437057017983124,
                    0.7391854155665881,
                    1.5747567877446145,
                    -0.056323473171799934,
                    -0.42107925523532724,
                    -0.13770149958533257,
                    0.09713979357414061
                ],
                [
                    -0.9876881664410438,
                    9.684966366122655,
                    -0.6006016717509564,
                    -0.0174400893500009,
                    0.7708713695322061,
                    1.586772005227028,
                    -0.06038176659898705,
                    -0.4372794519457224,
                    -0.12344301246239503,
                    0.12195315754772908
                ],
                [
                    -0.9907119541377591,
                    9.733757519619289,
                    -0.624128137452006,
                    -0.0011296569617241046,
                    0.8031814823837983,
                    1.5912230613732175,
                    -0.06063739150509149,
                    -0.46239037781811754,
                    -0.13100567202184354,
                    0.11996978384736555
                ],
                [
                    -0.9964007929052486,
                    9.819134213763988,
                    -0.6554567490260396,
                    0.04261530264604509,
                    0.8350282294797583,
                    1.6172535543185882,
                    -0.06432167681884303,
                    -0.4761791147076066,
                    -0.12336472504821897,
                    0.13466012178966053
                ],
                [
                    -1.002419219073604,
                    9.90200948529725,
                    -0.6806116725622704,
                    0.0541382715128092,
                    0.8841931877870008,
                    1.648317719730513,
                    -0.06279335827796892,
                    -0.5014042996271783,
                    -0.11755574388840437,
                    0.14641996288258238
                ],
                [
                    -1.0030824292272003,
                    9.920203287163796,
                    -0.7013699018297552,
                    0.06910575748146901,
                    0.9281222583370142,
                    1.6838267488998482,
                    -0.06110928015016386,
                    -0.5233384745022495,
                    -0.1146094210363551,
                    0.1469005879705702
                ],
                [
                    0.0,
                    0.0,
                    0.0,
                    0.0,
                    0.0,
                    0.0,
                    0.0,
                    0.0,
                    0.0,
                    0.0
                ]
            ],
            "pcws_before": [
                [
                    -0.9580333208998921,
                    9.371750114942717,
                    -0.5038727025085006,
                    -0.1052326414404828,
                    0.6937439917313917,
                    1.5530502932618315,
                    -0.04500540051951243,
                    -0.3904463846902737,
                    -0.14809813246516765,
                    0.07325839819113317
                ],
                [
                    -0.9682906983693618,
                    9.472643272431318,
                    -0.5337782240603006,
                    -0.0718174489974693,
                    0.7059653076794004,
                    1.5589031412329457,
                    -0.05518884048450445,
                    -0.39994880107104736,
                    -0.14450975205315378,
                    0.08526482229668843
                ],
                [
                    -0.9753239023298635,
                    9.562670259138333,
                    -0.5661759504453371,
                    -0.04437057017983124,
                    0.7391854155665881,
                    1.5747567877446145,
                    -0.056323473171799934,
                    -0.42107925523532724,
                    -0.13770149958533257,
                    0.09713979357414061
                ],
                [
                    -0.9876881664410438,
                    9.684966366122655,
                    -0.6006016717509564,
                    -0.0174400893500009,
                    0.7708713695322061,
                    1.586772005227028,
                    -0.06038176659898705,
                    -0.4372794519457224,
                    -0.12344301246239503,
                    0.12195315754772908
                ],
                [
                    -0.9907119541377591,
                    9.733757519619289,
                    -0.624128137452006,
                    -0.0011296569617241046,
                    0.8031814823837983,
                    1.5912230613732175,
                    -0.06063739150509149,
                    -0.46239037781811754,
                    -0.13100567202184354,
                    0.11996978384736555
                ],
                [
                    -0.9964007929052486,
                    9.819134213763988,
                    -0.6554567490260396,
                    0.04261530264604509,
                    0.8350282294797583,
                    1.6172535543185882,
                    -0.06432167681884303,
                    -0.4761791147076066,
                    -0.12336472504821897,
                    0.13466012178966053
                ],
                [
                    -1.002419219073604,
                    9.90200948529725,
                    -0.6806116725622704,
                    0.0541382715128092,
                    0.8841931877870008,
                    1.648317719730513,
                    -0.06279335827796892,
                    -0.5014042996271783,
                    -0.11755574388840437,
                    0.14641996288258238
                ],
                [
                    -1.0030824292272003,
                    9.920203287163796,
                    -0.7013699018297552,
                    0.06910575748146901,
                    0.9281222583370142,
                    1.6838267488998482,
                    -0.06110928015016386,
                    -0.5233384745022495,
                    -0.1146094210363551,
                    0.1469005879705702
                ],
                [
                    0.0,
                    0.0,
                    0.0,
                    0.0,
                    0.0,
                    0.0,
                    0.0,
                    0.0,
                    0.0,
                    0.0
                ]
            ],
            "prcv_loc": [
                45.0,
                33.274887984834926
            ],