{
    "logs": [
        {
            "error": [
                4.857633437499735,
                10.862786317645504
            ],
            "pcws_after": [
                [
                    -5.674159247443506,
                    4.655624188399089,
                    -5.21999862905197,
                    -4.8213585679838316,
                    -4.022381934812461,
                    -3.1630756332809025,
                    -4.761131327062994,
                    -5.106572311232003,
                    -4.864224057129459,
                    -4.642868963729129
                ],
                [
                    -5.684416624912975,
                    4.756517345887699,
                    -5.249904150603776,
                    -4.787943375540828,
                    -4.0101606188644485,
                    -3.157222785309786,
                    -4.771314767027956,
                    -5.116074727612996,
                    -4.86063567671527,
                    -4.630862510253422
                ],
                [
                    -5.691449828873481,
                    4.846544332594607,
                    -5.282301876988816,
                    -4.760496496723204,
                    -3.976940510977271,
                    -3.1413691387980975,
                    -4.772449399715374,
                    -5.137205181777081,
                    -4.853827424388294,
                    -4.618987501614589
                ],
                [
                    -5.703814092984666,
                    4.968840439578989,
                    -5.316727598294431,
                    -4.733566015893388,
                    -3.9452545570116495,
                    -3.1293539213156882,
                    -4.776507693142565,
                    -5.153405378487613,
                    -4.8395689373108866,
                    -4.594174092685797
                ],
                [
                    -5.706837880681374,
                    5.01763159307566,
                    -5.34025406399548,
                    -4.717255583505126,
                    -3.9129444441600705,
                    -3.124902865169523,
                    -4.7767633180487445,
                    -5.178516304359919,
                    -4.847131597013527,
                    -4.596157402824082
                ],
                [
                    -5.712526719448864,
                    5.10300828722026,
                    -5.371582675569526,
                    -4.673510623897369,
                    -3.881097697064126,
                    -3.0988723722241254,
                    -4.780447603362541,
                    -5.1923050412493845,
                    -4.839490650090459,
                    -4.581467043811289
                ],
                [
                    -5.7185451456172265,
                    5.185883558753669,
                    -5.396737599105758,
                    -4.661987655030621,
                    -3.8319327387568687,
                    -3.067808206812208,
                    -4.778919284821719,
                    -5.217530226168984,
                    -4.833681669044458,
                    -4.569707140417517
                ],
                [
                    -5.71920835577083,
                    5.204077360620148,
                    -5.417495828373244,
                    -4.647020169061987,
                    -3.7880036682068594,
                    -3.0322991776429253,
                    -4.7772352066939785,
                    -5.2394644010441,
                    -4.830735346384818,
                    -4.569226402934608
                ],
                [
                    0.0,
                    0.0,
                    0.0,
                    0.0,
                    0.0,
                    0.0,
                    0.0,
                    0.0,
                    0.0,
                    0.0
                ]
            ],
            "pcws_before": [
                [
                    -0.9580333208999346,
                    9.37175011494266,
                    -0.5038727025083987,
                    -0.10523264144026037,
                    0.6937439917311098,
                    1.5530502932626689,
                    -0.045005400519423096,
                    -0.3904463846884308,
                    -0.14809813058588714,
                    0.07325696281444256
                ],
                [
                    -0.9682906983694037,
                    9.47264327243127,
                    -0.5337782240602043,
                    -0.07181744899725692,
                    0.7059653076791229,
                    1.5589031412337855,
                    -0.05518884048438466,
                    -0.39994880106942404,
                    -0.1445097501716986,
                    0.08526341629014898
                ],
                [
                    -0.9753239023299097,
                    9.562670259138178,
                    -0.566175950445245,
                    -0.04437057017963218,
                    0.7391854155663007,
                    1.5747567877454742,
                    -0.05632347317180194,
                    -0.42107925523350936,
                    -0.13770149784472235,
                    0.09713842492898243
                ],
                [
                    -0.9876881664410939,
                    9.684966366122561,
                    -0.6006016717508592,
                    -0.017440089349816557,
                    0.770871369531922,
                    1.5867720052278833,
                    -0.06038176659899397,
                    -0.4372794519440415,
                    -0.12344301076731518,
                    0.12195183385777454
                ],
                [
                    -0.9907119541378027,
                    9.733757519619232,
                    -0.6241281374519085,
                    -0.0011296569615545943,
                    0.803181482383501,
                    1.5912230613740483,
                    -0.060637391505173194,
                    -0.46239037781634673,
                    -0.13100567046995518,
                    0.11996852371948885
                ],
                [
                    -0.9964007929052917,
                    9.819134213763832,
                    -0.6554567490259542,
                    0.042615302646202426,
                    0.8350282294794454,
                    1.6172535543194464,
                    -0.06432167681896962,
                    -0.47617911470581264,
                    -0.12336472354688775,
                    0.1346588827322826
                ],
                [
                    -1.002419219073655,
                    9.90200948529724,
                    -0.6806116725621865,
                    0.05413827151295118,
                    0.8841931877867029,
                    1.6483177197313634,
                    -0.06279335827814762,
                    -0.5014042996254128,
                    -0.11755574250088663,
                    0.14641878612605463
                ],
                [
                    -1.0030824292272578,
                    9.92020328716372,
                    -0.7013699018296724,
                    0.06910575748158454,
                    0.9281222583367119,
                    1.683826748900646,
                    -0.06110928015040739,
                    -0.5233384745005283,
                    -0.11460941984124705,
                    0.14689952360896358
                ],
                [
                    0.0,
                    0.0,
                    0.0,
                    0.0,
                    0.0,
                    0.0,
                    0.0,
                    0.0,
                    0.0,
                    0.0
                ]
            ],
            "prcv_loc": [
                0.0,
                0.0
            ],