{
    "logs": [
        {
            "error": [
                2.2833654177917544,
                0.0
            ],
            "pcws_after": [
                [
                    0.7412561824595951,
                    0.9901005200955009,
                    -0.7097487583846307,
                    2.3351664319459484,
                    1.5036908589850067,
                    -0.1840994159560032,
                    0.43471572497847055,
                    -0.611169529022761,
                    0.7080379794066305,
                    1.5507602067898592
                ],
                [
                    0.03310196395816434,
                    0.2739507582010096,
                    -1.405522607825783,
                    1.69319284124549,
                    0.8041344518097481,
                    -0.8540014027621515,
                    -0.26561650339543696,
                    -1.387094934954749,
                    -0.04943517540593434,
                    0.9288944204778543
                ],
                [
                    0.056589190336533535,
                    0.3051884212929307,
                    -1.3615035559232211,
                    1.63776067595292,
                    0.8160812677474297,
                    -0.858269593848544,
                    -0.23471599238391683,
                    -1.2354879082215322,
                    0.02846784805758984,
                    0.8394199846344169
                ],
                [
                    0.15425819835710075,
                    0.5339385265879679,
                    -0.7497995774464682,
                    1.6994073827463678,
                    -0.3267674886392885,
                    -0.9452740400756724,
                    -0.24927198239576598,
                    -1.0610769130846065,
                    -0.5892229283478588,
                    0.8722538473570794
                ],
                [
                    0.03553173572909574,
                    -0.03991727094323627,
                    -1.951984979004247,
                    1.157068095344511,
                    2.1972470801449835,
                    -0.33317298512721727,
                    -0.05787486601308511,
                    -1.7414725795257842,
                    1.5010212755477186,
                    1.5901019829135314
                ],
                [
                    0.13072776545553177,
                    0.5297607965239893,
                    -0.76063392561497,
                    1.7291721533639204,
                    -0.3649012401610138,
                    -0.9664980702429135,
                    -0.2642454130390707,
                    -1.112356104159542,
                    -0.6642376501092596,
                    0.9361253076855334
                ],
                [
                    0.021282277687459383,
                    -0.0516743592920097,
                    -1.991383501869215,
                    1.144595587287216,
                    2.200347016900024,
                    -0.33471500380387165,
                    -0.06929757595233366,
                    -1.8066984800508372,
                    1.563241199744855,
                    1.6884125984030112
                ],
                [
                    0.1738304274572745,
                    0.5280962336449431,
                    -0.6954765459794993,
                    1.6883792978183836,
                    -0.2928561067370943,
                    -0.9400375203591541,
                    -0.2538194734546907,
                    -1.0174072010705189,
                    -0.5349313286336462,
                    0.8052431807294301
                ],
                [
                    0.028676730059972844,
                    -0.015459389873427098,
                    -1.8869075267375433,
                    1.1686398898752954,
                    2.145580946205221,
                    -0.3442537656873704,
                    -0.05694993847931862,
                    -1.672710906423415,
                    1.4119646780373571,
                    1.4945502070894272
                ]
            ],